Workbook

Sheet Read Me
A1: Anime Sword Simulator — Tuning Sheet
A2: Starting values for the formulas in the GDD (Part A4–A11). Every number here is a seed to tune by playtesting, not a tested value.
A4: How to use
A5: 1. Change values on the Inputs tab (blue text). Yellow cells are the key levers.
A6: 2. Island Pacing is the main check: per-island hours to clear vs your target, and time-to-kill on arrival. Red flags = out of band.
A7: 3. Island Pacing columns C–F (blue) describe the player you expect on each island: equip slots, pet rarity, rebirths, sword. Change those to test scenarios.
A8: 4. Egg Odds: set Total Luck to see live, renormalized odds (this is what the in-game odds panel must show). Traits, Rebirth and Levels follow the same pattern.
A10: Color legend
A11: Blue text = input you can change · Black text = formula · Green text = pulled from another tab · Yellow fill = key lever
A13: Model assumptions
A14: • Energy is an accumulating stat. Clicks add Energy; Energy per click = base × pet mult × rebirth mult. Damage per hit = Energy × damage-per-energy × sword mult × average crit.
A15: • Pets boost Energy gain; swords boost damage. Pet bonuses add together (GDD decision 3).
... A21: • Island themes are original concepts (ninja village, cursed-spirit city): genre-inspired, with no characters, names, symbols or techniques from existing series.

Sheet Inputs
A1: Inputs — tuning levers
A3: Lever | B3: Value | C3: What it does / source | E3: Tier table
A4: Combat | E4: Tier | F4: HP mult | G4: Coin mult | H4: EXP mult
A5: HP_BASE | B5: 5000 | C5: Very Easy HP on island 1 (from the reference screenshots: 5K / 75K / 1M). | E5: Very Easy | F5: 1 | G5: 1 | H5: 1
A6: ISLAND_GROWTH | B6: 25 | C6: Enemy HP multiplier per island. GDD range 15–40. | E6: Easy | F6: 3 | G6: 2.5 | H6: 2
A7: DPE | B7: 2 | C7: Damage per point of Energy (GDD A4). | E7: Medium | F7: 15 | G7: 10 | H7: 6
A8: SWING_RATE | B8: 2 | C8: Sword hits per second while attacking. | E8: Hard | F8: 50 | G8: 30 | H8: 15
A9: CRIT_CHANCE | B9: 0.05 | C9: Base crit chance. | E9: Very Hard | F9: 100 | G9: 55 | H9: 25
A10: CRIT_MULT | B10: 2 | C10: Crit damage multiplier. | E10: Boss | F10: 200 | G10: 100 | H10: 50
A11: Energy | E11: HP mults match the screenshots: 5K Very Easy, 75K Medium, 1M Boss.
A12: BASE_EPC | B12: 1 | C12: Energy per click before multipliers.
A13: CPS | B13: 6 | C13: Clicks per second credited (manual ~6; free auto 3; auto pass 8 — GDD A10). | E13: Pet rarity factors
A14: START_ENERGY | B14: 500 | C14: Energy a new player has when reaching island 1 enemies (after the tutorial). | E14: Rarity | F14: Pet factor
A15: Pets | E15: Common | F15: 0.5
A16: PET_BASE_BONUS | B16: 0.5 | C16: Bonus per equipped island-1 pet at rarity factor 1.0 (added to pet multiplier). | E16: Uncommon | F16: 0.8
A17: PET_GROWTH | B17: =ISLAND_GROWTH^PET_EXPONENT -> 3.6238983 | C17: Pet bonus growth per island = ISLAND_GROWTH^PET_EXPONENT (GDD suggests ~^0.8; 0.6 keeps islands getting slower). | E17: Rare | F17: 1.2
A18: PET_EXPONENT | B18: 0.4 | C18: Exponent applied to ISLAND_GROWTH for pet growth. | E18: Epic | F18: 2
A19: Rebirth | E19: Legendary | F19: 4
A20: REBIRTH_COST_BASE | B20: 100000 | C20: Energy cost of the first rebirth. Rebirths are the main time gate between islands. | E20: Mythical | F20: 10
A21: REBIRTH_COST_GROWTH | B21: 2 | C21: Cost multiplier per rebirth. | E21: Secret | F21: 25
A22: REBIRTH_STEP | B22: 0.5 | C22: Multiplier gained per rebirth (Mult = 1 + step × r). | E22: Multiplies PET_BASE_BONUS for one equipped pet.
A23: REBIRTH_KICKER | B23: 1.1 | C23: Extra × per 10 rebirths (late-game kicker).
A24: Economy
A25: COIN_BASE | B25: 1 | C25: Coins from a Very Easy kill on island 1.
A26: COIN_GROWTH | B26: 25 | C26: Coin reward multiplier per island.
A27: EGG_COST_BASE | B27: 25 | C27: Island 1 egg cost in Coins (from the reference game).
A28: EGG_COST_GROWTH | B28: 25 | C28: Egg cost multiplier per island.
A29: UNLOCK_COST_BASE | B29: 1200 | C29: Coins to unlock island 2 (island i+1 costs base × growth^(i−1)).
A30: UNLOCK_COST_GROWTH | B30: 45 | C30: Unlock cost multiplier per island. Higher than COIN_GROWTH so each island takes longer to farm.
A31: KILL_OVERHEAD_S | B31: 1.5 | C31: Seconds lost per kill to respawn/walk/targeting.
A32: FARM_TIER | B32: Medium | C32: Enemy tier players farm for Coins.
A33: Targets
A34: TTK_BOSS_TARGET | B34: 30 | C34: Seconds to solo the island boss when 'boss-ready' (GDD: 20–40 s).
A35: ARRIVAL_TTK_MAX | B35: 3 | C35: Max acceptable Very Easy TTK when arriving on a new island (seconds).
A36: HOURS_PER_DAY | B36: 2 | C36: Active play hours per day, used to convert hours into days.
A37: Levels
A38: LEVEL_EXP_BASE | B38: 100 | C38: ExpToNext(L) = floor(base × L^exponent) (GDD A4).
A39: LEVEL_EXP_EXP | B39: 1.6 | C39: Level curve exponent.
A40: CRIT_AVG | B40: =1+CRIT_CHANCE*(CRIT_MULT-1) -> 1.05 | C40: Average damage multiplier from crits (derived).

Sheet Enemies
A1: Enemy HP, Coins and EXP by island and tier
A2: HP = HP_BASE × ISLAND_GROWTH^(island−1) × tier HP mult. Coins and EXP scale the same way with their own mults.
A4: HP
A5: Island | B5: Very Easy | C5: Easy | D5: Medium | E5: Hard | F5: Very Hard | G5: Boss
A6: 1 | B6: =HP_BASE*ISLAND_GROWTH^($A6-1)*INDEX(TIER_HP,1) -> 5000 | C6: =HP_BASE*ISLAND_GROWTH^($A6-1)*INDEX(TIER_HP,2) -> 15000 | D6: =HP_BASE*ISLAND_GROWTH^($A6-1)*INDEX(TIER_HP,3) -> 75000 | E6: =HP_BASE*ISLAND_GROWTH^($A6-1)*INDEX(TIER_HP,4) -> 250000 | F6: =HP_BASE*ISLAND_GROWTH^($A6-1)*INDEX(TIER_HP,5) -> 500000 | G6: =HP_BASE*ISLAND_GROWTH^($A6-1)*INDEX(TIER_HP,6) -> 1000000
A7: 2 | B7: =HP_BASE*ISLAND_GROWTH^($A7-1)*INDEX(TIER_HP,1) -> 125000 | C7: =HP_BASE*ISLAND_GROWTH^($A7-1)*INDEX(TIER_HP,2) -> 375000 | D7: =HP_BASE*ISLAND_GROWTH^($A7-1)*INDEX(TIER_HP,3) -> 1875000 | E7: =HP_BASE*ISLAND_GROWTH^($A7-1)*INDEX(TIER_HP,4) -> 6250000 | F7: =HP_BASE*ISLAND_GROWTH^($A7-1)*INDEX(TIER_HP,5) -> 12500000 | G7: =HP_BASE*ISLAND_GROWTH^($A7-1)*INDEX(TIER_HP,6) -> 25000000
A8: 3 | B8: =HP_BASE*ISLAND_GROWTH^($A8-1)*INDEX(TIER_HP,1) -> 3125000 | C8: =HP_BASE*ISLAND_GROWTH^($A8-1)*INDEX(TIER_HP,2) -> 9375000 | D8: =HP_BASE*ISLAND_GROWTH^($A8-1)*INDEX(TIER_HP,3) -> 46875000 | E8: =HP_BASE*ISLAND_GROWTH^($A8-1)*INDEX(TIER_HP,4) -> 156250000 | F8: =HP_BASE*ISLAND_GROWTH^($A8-1)*INDEX(TIER_HP,5) -> 312500000 | G8: =HP_BASE*ISLAND_GROWTH^($A8-1)*INDEX(TIER_HP,6) -> 625000000
A9: 4 | B9: =HP_BASE*ISLAND_GROWTH^($A9-1)*INDEX(TIER_HP,1) -> 78125000 | C9: =HP_BASE*ISLAND_GROWTH^($A9-1)*INDEX(TIER_HP,2) -> 234375000 | D9: =HP_BASE*ISLAND_GROWTH^($A9-1)*INDEX(TIER_HP,3) -> 1171875000 | E9: =HP_BASE*ISLAND_GROWTH^($A9-1)*INDEX(TIER_HP,4) -> 3906250000 | F9: =HP_BASE*ISLAND_GROWTH^($A9-1)*INDEX(TIER_HP,5) -> 7812500000 | G9: =HP_BASE*ISLAND_GROWTH^($A9-1)*INDEX(TIER_HP,6) -> 15625000000
A10: 5 | B10: =HP_BASE*ISLAND_GROWTH^($A10-1)*INDEX(TIER_HP,1) -> 1953125000 | C10: =HP_BASE*ISLAND_GROWTH^($A10-1)*INDEX(TIER_HP,2) -> 5859375000 | D10: =HP_BASE*ISLAND_GROWTH^($A10-1)*INDEX(TIER_HP,3) -> 29296875000 | E10: =HP_BASE*ISLAND_GROWTH^($A10-1)*INDEX(TIER_HP,4) -> 97656250000 | F10: =HP_BASE*ISLAND_GROWTH^($A10-1)*INDEX(TIER_HP,5) -> 195312500000 | G10: =HP_BASE*ISLAND_GROWTH^($A10-1)*INDEX(TIER_HP,6) -> 390625000000
A11: 6 | B11: =HP_BASE*ISLAND_GROWTH^($A11-1)*INDEX(TIER_HP,1) -> 48828125000 | C11: =HP_BASE*ISLAND_GROWTH^($A11-1)*INDEX(TIER_HP,2) -> 146484375000 | D11: =HP_BASE*ISLAND_GROWTH^($A11-1)*INDEX(TIER_HP,3) -> 732421875000 | E11: =HP_BASE*ISLAND_GROWTH^($A11-1)*INDEX(TIER_HP,4) -> 2441406250000 | F11: =HP_BASE*ISLAND_GROWTH^($A11-1)*INDEX(TIER_HP,5) -> 4882812500000 | G11: =HP_BASE*ISLAND_GROWTH^($A11-1)*INDEX(TIER_HP,6) -> 9765625000000
A12: 7 | B12: =HP_BASE*ISLAND_GROWTH^($A12-1)*INDEX(TIER_HP,1) -> 1220703125000 | C12: =HP_BASE*ISLAND_GROWTH^($A12-1)*INDEX(TIER_HP,2) -> 3662109375000 | D12: =HP_BASE*ISLAND_GROWTH^($A12-1)*INDEX(TIER_HP,3) -> 18310546875000 | E12: =HP_BASE*ISLAND_GROWTH^($A12-1)*INDEX(TIER_HP,4) -> 61035156250000 | F12: =HP_BASE*ISLAND_GROWTH^($A12-1)*INDEX(TIER_HP,5) -> 122070312500000 | G12: =HP_BASE*ISLAND_GROWTH^($A12-1)*INDEX(TIER_HP,6) -> 244140625000000
A13: 8 | B13: =HP_BASE*ISLAND_GROWTH^($A13-1)*INDEX(TIER_HP,1) -> 30517578125000 | C13: =HP_BASE*ISLAND_GROWTH^($A13-1)*INDEX(TIER_HP,2) -> 91552734375000 | D13: =HP_BASE*ISLAND_GROWTH^($A13-1)*INDEX(TIER_HP,3) -> 457763671875000 | E13: =HP_BASE*ISLAND_GROWTH^($A13-1)*INDEX(TIER_HP,4) -> 1.5258789e+15 | F13: =HP_BASE*ISLAND_GROWTH^($A13-1)*INDEX(TIER_HP,5) -> 3.0517578e+15 | G13: =HP_BASE*ISLAND_GROWTH^($A13-1)*INDEX(TIER_HP,6) -> 6.1035156e+15
A16: Coins per kill
A17: Island | B17: Very Easy | C17: Easy | D17: Medium | E17: Hard | F17: Very Hard | G17: Boss
A18: 1 | B18: =COIN_BASE*COIN_GROWTH^($A18-1)*INDEX(TIER_COIN,1) -> 1 | C18: =COIN_BASE*COIN_GROWTH^($A18-1)*INDEX(TIER_COIN,2) -> 2.5 | D18: =COIN_BASE*COIN_GROWTH^($A18-1)*INDEX(TIER_COIN,3) -> 10 | E18: =COIN_BASE*COIN_GROWTH^($A18-1)*INDEX(TIER_COIN,4) -> 30 | F18: =COIN_BASE*COIN_GROWTH^($A18-1)*INDEX(TIER_COIN,5) -> 55 | G18: =COIN_BASE*COIN_GROWTH^($A18-1)*INDEX(TIER_COIN,6) -> 100
A19: 2 | B19: =COIN_BASE*COIN_GROWTH^($A19-1)*INDEX(TIER_COIN,1) -> 25 | C19: =COIN_BASE*COIN_GROWTH^($A19-1)*INDEX(TIER_COIN,2) -> 62.5 | D19: =COIN_BASE*COIN_GROWTH^($A19-1)*INDEX(TIER_COIN,3) -> 250 | E19: =COIN_BASE*COIN_GROWTH^($A19-1)*INDEX(TIER_COIN,4) -> 750 | F19: =COIN_BASE*COIN_GROWTH^($A19-1)*INDEX(TIER_COIN,5) -> 1375 | G19: =COIN_BASE*COIN_GROWTH^($A19-1)*INDEX(TIER_COIN,6) -> 2500
A20: 3 | B20: =COIN_BASE*COIN_GROWTH^($A20-1)*INDEX(TIER_COIN,1) -> 625 | C20: =COIN_BASE*COIN_GROWTH^($A20-1)*INDEX(TIER_COIN,2) -> 1562.5 | D20: =COIN_BASE*COIN_GROWTH^($A20-1)*INDEX(TIER_COIN,3) -> 6250 | E20: =COIN_BASE*COIN_GROWTH^($A20-1)*INDEX(TIER_COIN,4) -> 18750 | F20: =COIN_BASE*COIN_GROWTH^($A20-1)*INDEX(TIER_COIN,5) -> 34375 | G20: =COIN_BASE*COIN_GROWTH^($A20-1)*INDEX(TIER_COIN,6) -> 62500
A21: 4 | B21: =COIN_BASE*COIN_GROWTH^($A21-1)*INDEX(TIER_COIN,1) -> 15625 | C21: =COIN_BASE*COIN_GROWTH^($A21-1)*INDEX(TIER_COIN,2) -> 39062.5 | D21: =COIN_BASE*COIN_GROWTH^($A21-1)*INDEX(TIER_COIN,3) -> 156250 | E21: =COIN_BASE*COIN_GROWTH^($A21-1)*INDEX(TIER_COIN,4) -> 468750 | F21: =COIN_BASE*COIN_GROWTH^($A21-1)*INDEX(TIER_COIN,5) -> 859375 | G21: =COIN_BASE*COIN_GROWTH^($A21-1)*INDEX(TIER_COIN,6) -> 1562500
A22: 5 | B22: =COIN_BASE*COIN_GROWTH^($A22-1)*INDEX(TIER_COIN,1) -> 390625 | C22: =COIN_BASE*COIN_GROWTH^($A22-1)*INDEX(TIER_COIN,2) -> 976562.5 | D22: =COIN_BASE*COIN_GROWTH^($A22-1)*INDEX(TIER_COIN,3) -> 3906250 | E22: =COIN_BASE*COIN_GROWTH^($A22-1)*INDEX(TIER_COIN,4) -> 11718750 | F22: =COIN_BASE*COIN_GROWTH^($A22-1)*INDEX(TIER_COIN,5) -> 21484375 | G22: =COIN_BASE*COIN_GROWTH^($A22-1)*INDEX(TIER_COIN,6) -> 39062500
A23: 6 | B23: =COIN_BASE*COIN_GROWTH^($A23-1)*INDEX(TIER_COIN,1) -> 9765625 | C23: =COIN_BASE*COIN_GROWTH^($A23-1)*INDEX(TIER_COIN,2) -> 24414062 | D23: =COIN_BASE*COIN_GROWTH^($A23-1)*INDEX(TIER_COIN,3) -> 97656250 | E23: =COIN_BASE*COIN_GROWTH^($A23-1)*INDEX(TIER_COIN,4) -> 292968750 | F23: =COIN_BASE*COIN_GROWTH^($A23-1)*INDEX(TIER_COIN,5) -> 537109375 | G23: =COIN_BASE*COIN_GROWTH^($A23-1)*INDEX(TIER_COIN,6) -> 976562500
A24: 7 | B24: =COIN_BASE*COIN_GROWTH^($A24-1)*INDEX(TIER_COIN,1) -> 244140625 | C24: =COIN_BASE*COIN_GROWTH^($A24-1)*INDEX(TIER_COIN,2) -> 6.1035156e+08 | D24: =COIN_BASE*COIN_GROWTH^($A24-1)*INDEX(TIER_COIN,3) -> 2441406250 | E24: =COIN_BASE*COIN_GROWTH^($A24-1)*INDEX(TIER_COIN,4) -> 7324218750 | F24: =COIN_BASE*COIN_GROWTH^($A24-1)*INDEX(TIER_COIN,5) -> 13427734375 | G24: =COIN_BASE*COIN_GROWTH^($A24-1)*INDEX(TIER_COIN,6) -> 24414062500
A25: 8 | B25: =COIN_BASE*COIN_GROWTH^($A25-1)*INDEX(TIER_COIN,1) -> 6103515625 | C25: =COIN_BASE*COIN_GROWTH^($A25-1)*INDEX(TIER_COIN,2) -> 1.5258789e+10 | D25: =COIN_BASE*COIN_GROWTH^($A25-1)*INDEX(TIER_COIN,3) -> 61035156250 | E25: =COIN_BASE*COIN_GROWTH^($A25-1)*INDEX(TIER_COIN,4) -> 183105468750 | F25: =COIN_BASE*COIN_GROWTH^($A25-1)*INDEX(TIER_COIN,5) -> 335693359375 | G25: =COIN_BASE*COIN_GROWTH^($A25-1)*INDEX(TIER_COIN,6) -> 610351562500
A28: EXP per kill
A29: Island | B29: Very Easy | C29: Easy | D29: Medium | E29: Hard | F29: Very Hard | G29: Boss
A30: 1 | B30: =10*COIN_GROWTH^($A30-1)*INDEX(TIER_EXP,1) -> 10 | C30: =10*COIN_GROWTH^($A30-1)*INDEX(TIER_EXP,2) -> 20 | D30: =10*COIN_GROWTH^($A30-1)*INDEX(TIER_EXP,3) -> 60 | E30: =10*COIN_GROWTH^($A30-1)*INDEX(TIER_EXP,4) -> 150 | F30: =10*COIN_GROWTH^($A30-1)*INDEX(TIER_EXP,5) -> 250 | G30: =10*COIN_GROWTH^($A30-1)*INDEX(TIER_EXP,6) -> 500
A31: 2 | B31: =10*COIN_GROWTH^($A31-1)*INDEX(TIER_EXP,1) -> 250 | C31: =10*COIN_GROWTH^($A31-1)*INDEX(TIER_EXP,2) -> 500 | D31: =10*COIN_GROWTH^($A31-1)*INDEX(TIER_EXP,3) -> 1500 | E31: =10*COIN_GROWTH^($A31-1)*INDEX(TIER_EXP,4) -> 3750 | F31: =10*COIN_GROWTH^($A31-1)*INDEX(TIER_EXP,5) -> 6250 | G31: =10*COIN_GROWTH^($A31-1)*INDEX(TIER_EXP,6) -> 12500
A32: 3 | B32: =10*COIN_GROWTH^($A32-1)*INDEX(TIER_EXP,1) -> 6250 | C32: =10*COIN_GROWTH^($A32-1)*INDEX(TIER_EXP,2) -> 12500 | D32: =10*COIN_GROWTH^($A32-1)*INDEX(TIER_EXP,3) -> 37500 | E32: =10*COIN_GROWTH^($A32-1)*INDEX(TIER_EXP,4) -> 93750 | F32: =10*COIN_GROWTH^($A32-1)*INDEX(TIER_EXP,5) -> 156250 | G32: =10*COIN_GROWTH^($A32-1)*INDEX(TIER_EXP,6) -> 312500
A33: 4 | B33: =10*COIN_GROWTH^($A33-1)*INDEX(TIER_EXP,1) -> 156250 | C33: =10*COIN_GROWTH^($A33-1)*INDEX(TIER_EXP,2) -> 312500 | D33: =10*COIN_GROWTH^($A33-1)*INDEX(TIER_EXP,3) -> 937500 | E33: =10*COIN_GROWTH^($A33-1)*INDEX(TIER_EXP,4) -> 2343750 | F33: =10*COIN_GROWTH^($A33-1)*INDEX(TIER_EXP,5) -> 3906250 | G33: =10*COIN_GROWTH^($A33-1)*INDEX(TIER_EXP,6) -> 7812500
A34: 5 | B34: =10*COIN_GROWTH^($A34-1)*INDEX(TIER_EXP,1) -> 3906250 | C34: =10*COIN_GROWTH^($A34-1)*INDEX(TIER_EXP,2) -> 7812500 | D34: =10*COIN_GROWTH^($A34-1)*INDEX(TIER_EXP,3) -> 23437500 | E34: =10*COIN_GROWTH^($A34-1)*INDEX(TIER_EXP,4) -> 58593750 | F34: =10*COIN_GROWTH^($A34-1)*INDEX(TIER_EXP,5) -> 97656250 | G34: =10*COIN_GROWTH^($A34-1)*INDEX(TIER_EXP,6) -> 195312500
A35: 6 | B35: =10*COIN_GROWTH^($A35-1)*INDEX(TIER_EXP,1) -> 97656250 | C35: =10*COIN_GROWTH^($A35-1)*INDEX(TIER_EXP,2) -> 195312500 | D35: =10*COIN_GROWTH^($A35-1)*INDEX(TIER_EXP,3) -> 585937500 | E35: =10*COIN_GROWTH^($A35-1)*INDEX(TIER_EXP,4) -> 1464843750 | F35: =10*COIN_GROWTH^($A35-1)*INDEX(TIER_EXP,5) -> 2441406250 | G35: =10*COIN_GROWTH^($A35-1)*INDEX(TIER_EXP,6) -> 4882812500
A36: 7 | B36: =10*COIN_GROWTH^($A36-1)*INDEX(TIER_EXP,1) -> 2441406250 | C36: =10*COIN_GROWTH^($A36-1)*INDEX(TIER_EXP,2) -> 4882812500 | D36: =10*COIN_GROWTH^($A36-1)*INDEX(TIER_EXP,3) -> 14648437500 | E36: =10*COIN_GROWTH^($A36-1)*INDEX(TIER_EXP,4) -> 36621093750 | F36: =10*COIN_GROWTH^($A36-1)*INDEX(TIER_EXP,5) -> 61035156250 | G36: =10*COIN_GROWTH^($A36-1)*INDEX(TIER_EXP,6) -> 122070312500
A37: 8 | B37: =10*COIN_GROWTH^($A37-1)*INDEX(TIER_EXP,1) -> 61035156250 | C37: =10*COIN_GROWTH^($A37-1)*INDEX(TIER_EXP,2) -> 122070312500 | D37: =10*COIN_GROWTH^($A37-1)*INDEX(TIER_EXP,3) -> 366210937500 | E37: =10*COIN_GROWTH^($A37-1)*INDEX(TIER_EXP,4) -> 915527343750 | F37: =10*COIN_GROWTH^($A37-1)*INDEX(TIER_EXP,5) -> 1525878906250 | G37: =10*COIN_GROWTH^($A37-1)*INDEX(TIER_EXP,6) -> 3051757812500
A39: EXP base of 10 per Very Easy kill is a placeholder; tune with the Levels tab.

Sheet Rebirth
A1: Rebirth curve
A2: Cost(r) = REBIRTH_COST_BASE × REBIRTH_COST_GROWTH^r Energy · Mult(r) = (1 + REBIRTH_STEP × r) × REBIRTH_KICKER^INT(r/10)
A4: Rebirths owned (r) | B4: Energy cost of next rebirth | C4: Multiplier at r | D4: Multiplier gain from next
A5: 0 | B5: =REBIRTH_COST_BASE*REBIRTH_COST_GROWTH^A5 -> 100000 | C5: =(1+REBIRTH_STEP*A5)*REBIRTH_KICKER^INT(A5/10) -> 1 | D5: =((1+REBIRTH_STEP*(A5+1))*REBIRTH_KICKER^INT((A5+1)/10))/C5-1 -> 0.5
A6: 1 | B6: =REBIRTH_COST_BASE*REBIRTH_COST_GROWTH^A6 -> 200000 | C6: =(1+REBIRTH_STEP*A6)*REBIRTH_KICKER^INT(A6/10) -> 1.5 | D6: =((1+REBIRTH_STEP*(A6+1))*REBIRTH_KICKER^INT((A6+1)/10))/C6-1 -> 0.33333333
A7: 2 | B7: =REBIRTH_COST_BASE*REBIRTH_COST_GROWTH^A7 -> 400000 | C7: =(1+REBIRTH_STEP*A7)*REBIRTH_KICKER^INT(A7/10) -> 2 | D7: =((1+REBIRTH_STEP*(A7+1))*REBIRTH_KICKER^INT((A7+1)/10))/C7-1 -> 0.25
A8: 3 | B8: =REBIRTH_COST_BASE*REBIRTH_COST_GROWTH^A8 -> 800000 | C8: =(1+REBIRTH_STEP*A8)*REBIRTH_KICKER^INT(A8/10) -> 2.5 | D8: =((1+REBIRTH_STEP*(A8+1))*REBIRTH_KICKER^INT((A8+1)/10))/C8-1 -> 0.2
A9: 4 | B9: =REBIRTH_COST_BASE*REBIRTH_COST_GROWTH^A9 -> 1600000 | C9: =(1+REBIRTH_STEP*A9)*REBIRTH_KICKER^INT(A9/10) -> 3 | D9: =((1+REBIRTH_STEP*(A9+1))*REBIRTH_KICKER^INT((A9+1)/10))/C9-1 -> 0.16666667
A10: 5 | B10: =REBIRTH_COST_BASE*REBIRTH_COST_GROWTH^A10 -> 3200000 | C10: =(1+REBIRTH_STEP*A10)*REBIRTH_KICKER^INT(A10/10) -> 3.5 | D10: =((1+REBIRTH_STEP*(A10+1))*REBIRTH_KICKER^INT((A10+1)/10))/C10-1 -> 0.14285714
A11: 6 | B11: =REBIRTH_COST_BASE*REBIRTH_COST_GROWTH^A11 -> 6400000 | C11: =(1+REBIRTH_STEP*A11)*REBIRTH_KICKER^INT(A11/10) -> 4 | D11: =((1+REBIRTH_STEP*(A11+1))*REBIRTH_KICKER^INT((A11+1)/10))/C11-1 -> 0.125
A12: 7 | B12: =REBIRTH_COST_BASE*REBIRTH_COST_GROWTH^A12 -> 12800000 | C12: =(1+REBIRTH_STEP*A12)*REBIRTH_KICKER^INT(A12/10) -> 4.5 | D12: =((1+REBIRTH_STEP*(A12+1))*REBIRTH_KICKER^INT((A12+1)/10))/C12-1 -> 0.11111111
A13: 8 | B13: =REBIRTH_COST_BASE*REBIRTH_COST_GROWTH^A13 -> 25600000 | C13: =(1+REBIRTH_STEP*A13)*REBIRTH_KICKER^INT(A13/10) -> 5 | D13: =((1+REBIRTH_STEP*(A13+1))*REBIRTH_KICKER^INT((A13+1)/10))/C13-1 -> 0.1
A14: 9 | B14: =REBIRTH_COST_BASE*REBIRTH_COST_GROWTH^A14 -> 51200000 | C14: =(1+REBIRTH_STEP*A14)*REBIRTH_KICKER^INT(A14/10) -> 5.5 | D14: =((1+REBIRTH_STEP*(A14+1))*REBIRTH_KICKER^INT((A14+1)/10))/C14-1 -> 0.2
A15: 10 | B15: =REBIRTH_COST_BASE*REBIRTH_COST_GROWTH^A15 -> 102400000 | C15: =(1+REBIRTH_STEP*A15)*REBIRTH_KICKER^INT(A15/10) -> 6.6 | D15: =((1+REBIRTH_STEP*(A15+1))*REBIRTH_KICKER^INT((A15+1)/10))/C15-1 -> 0.083333333
A16: 11 | B16: =REBIRTH_COST_BASE*REBIRTH_COST_GROWTH^A16 -> 204800000 | C16: =(1+REBIRTH_STEP*A16)*REBIRTH_KICKER^INT(A16/10) -> 7.15 | D16: =((1+REBIRTH_STEP*(A16+1))*REBIRTH_KICKER^INT((A16+1)/10))/C16-1 -> 0.076923077
... A35: 30 | B35: =REBIRTH_COST_BASE*REBIRTH_COST_GROWTH^A35 -> 107374182400000 | C35: =(1+REBIRTH_STEP*A35)*REBIRTH_KICKER^INT(A35/10) -> 21.296 | D35: =((1+REBIRTH_STEP*(A35+1))*REBIRTH_KICKER^INT((A35+1)/10))/C35-1 -> 0.03125

Sheet Island Pacing
A1: Island pacing — does each island take the time you want?
A2: Blue columns describe the player you expect on that island. Everything else is computed. Red = outside target.
A4: Island | B4: Theme (original) | C4: Equip slots | D4: Typical equipped rarity | E4: Rebirths at arrival | F4: Sword damage mult | G4: Bonus per pet | H4: Pet multiplier | I4: Rebirth multiplier | J4: Energy per click | K4: Boss HP | L4: Boss-ready Energy | M4: Training min to boss-ready | N4: Arrival Energy | O4: Very Easy TTK on arrival (s) | P4: Arrival OK? | Q4: Farm-tier TTK (s) | R4: Coins / min | S4: Egg cost | T4: Eggs / min | U4: Next island unlock cost | V4: Min to afford unlock | W4: Rebirth grind (min) | X4: Island hours | Y4: Cumulative hours | Z4: Days at HOURS_PER_DAY | AA4: Target hours | AB4: Pace check
A5: 1 | B5: Ninja village | C5: 3 | D5: Rare | E5: 0 | F5: 1 | G5: =PET_BASE_BONUS*PET_GROWTH^(A5-1)*INDEX(RARITY_FACTOR,MATCH(D5,RARITY_NAMES,0)) -> 0.6 | H5: =1+C5*G5 -> 2.8 | I5: =INDEX(REB_MULT,MATCH(E5,REB_R,0)) -> 1 | J5: =BASE_EPC*H5*I5 -> 2.8 | K5: =Enemies!G6 -> 1000000 | L5: =K5/(TTK_BOSS_TARGET*SWING_RATE*DPE*F5*CRIT_AVG) -> 7936.5079 | M5: =L5/(J5*CPS*60) -> 7.8735198 | N5: =START_ENERGY -> 500 | O5: =Enemies!B6/(N5*DPE*F5*CRIT_AVG*SWING_RATE) -> 2.3809524 | P5: =IF(O5<=ARRIVAL_TTK_MAX,"OK","Too slow") -> OK | Q5: =INDEX(Enemies!B6:G6,MATCH(FARM_TIER,TIER_NAMES,0))/(((N5+L5)/2)*DPE*F5*CRIT_AVG*SWING_RATE) -> 4.233302 | R5: =60/(Q5+KILL_OVERHEAD_S)*INDEX(Enemies!B18:G18,MATCH(FARM_TIER,TIER_NAMES,0)) -> 104.65174 | S5: =EGG_COST_BASE*EGG_COST_GROWTH^(A5-1) -> 25 | T5: =R5/S5 -> 4.1860694 | U5: =UNLOCK_COST_BASE*UNLOCK_COST_GROWTH^(A5-1) -> 1200 | V5: =U5/R5 -> 11.466604 | W5: 0 | X5: =(MAX(M5,V5)+W5)/60 -> 0.19111007 | Y5: =X5 -> 0.19111007 | Z5: =Y5/HOURS_PER_DAY -> 0.095555033 | AA5: 0.25 | AB5: =IF(ABS(X5-AA5)<=0.3*AA5,"On pace",IF(X5<AA5,"Too fast","Too slow")) -> On pace
A6: 2 | B6: Cursed-spirit city | C6: 4 | D6: Rare | E6: 1 | F6: 1.6 | G6: =PET_BASE_BONUS*PET_GROWTH^(A6-1)*INDEX(RARITY_FACTOR,MATCH(D6,RARITY_NAMES,0)) -> 2.174339 | H6: =1+C6*G6 -> 9.697356 | I6: =INDEX(REB_MULT,MATCH(E6,REB_R,0)) -> 1.5 | J6: =BASE_EPC*H6*I6 -> 14.546034 | K6: =Enemies!G7 -> 25000000 | L6: =K6/(TTK_BOSS_TARGET*SWING_RATE*DPE*F6*CRIT_AVG) -> 124007.94 | M6: =L6/(J6*CPS*60) -> 23.681128 | N6: =L5 -> 7936.5079 | O6: =Enemies!B7/(N6*DPE*F6*CRIT_AVG*SWING_RATE) -> 2.34375 | P6: =IF(O6<=ARRIVAL_TTK_MAX,"OK","Too slow") -> OK | Q6: =INDEX(Enemies!B7:G7,MATCH(FARM_TIER,TIER_NAMES,0))/(((N6+L6)/2)*DPE*F6*CRIT_AVG*SWING_RATE) -> 4.2293233 | R6: =60/(Q6+KILL_OVERHEAD_S)*INDEX(Enemies!B19:G19,MATCH(FARM_TIER,TIER_NAMES,0)) -> 2618.1102 | S6: =EGG_COST_BASE*EGG_COST_GROWTH^(A6-1) -> 625 | T6: =R6/S6 -> 4.1889764 | U6: =UNLOCK_COST_BASE*UNLOCK_COST_GROWTH^(A6-1) -> 54000 | V6: =U6/R6 -> 20.625564 | W6: =SUMPRODUCT((REB_R>=E5)*(REB_R<E6)*REB_COST/REB_MULT)/(BASE_EPC*H5*CPS*60) -> 99.206349 | X6: =(MAX(M6,V6)+W6)/60 -> 2.0481246 | Y6: =Y5+X6 -> 2.2392347 | Z6: =Y6/HOURS_PER_DAY -> 1.1196173 | AA6: 2 | AB6: =IF(ABS(X6-AA6)<=0.3*AA6,"On pace",IF(X6<AA6,"Too fast","Too slow")) -> On pace
A7: 3 | B7: TBD | C7: 4 | D7: Epic | E7: 3 | F7: 2.6 | G7: =PET_BASE_BONUS*PET_GROWTH^(A7-1)*INDEX(RARITY_FACTOR,MATCH(D7,RARITY_NAMES,0)) -> 13.132639 | H7: =1+C7*G7 -> 53.530556 | I7: =INDEX(REB_MULT,MATCH(E7,REB_R,0)) -> 2.5 | J7: =BASE_EPC*H7*I7 -> 133.82639 | K7: =Enemies!G8 -> 625000000 | L7: =K7/(TTK_BOSS_TARGET*SWING_RATE*DPE*F7*CRIT_AVG) -> 1907814.4 | M7: =L7/(J7*CPS*60) -> 39.599697 | N7: =L6 -> 124007.94 | O7: =Enemies!B8/(N7*DPE*F7*CRIT_AVG*SWING_RATE) -> 2.3076923 | P7: =IF(O7<=ARRIVAL_TTK_MAX,"OK","Too slow") -> OK | Q7: =INDEX(Enemies!B8:G8,MATCH(FARM_TIER,TIER_NAMES,0))/(((N7+L7)/2)*DPE*F7*CRIT_AVG*SWING_RATE) -> 4.2253521 | R7: =60/(Q7+KILL_OVERHEAD_S)*INDEX(Enemies!B20:G20,MATCH(FARM_TIER,TIER_NAMES,0)) -> 65498.155 | S7: =EGG_COST_BASE*EGG_COST_GROWTH^(A7-1) -> 15625 | T7: =R7/S7 -> 4.1918819 | U7: =UNLOCK_COST_BASE*UNLOCK_COST_GROWTH^(A7-1) -> 2430000 | V7: =U7/R7 -> 37.100282 | W7: =SUMPRODUCT((REB_R>=E6)*(REB_R<E7)*REB_COST/REB_MULT)/(BASE_EPC*H6*CPS*60) -> 95.482308 | X7: =(MAX(M7,V7)+W7)/60 -> 2.2513667 | Y7: =Y6+X7 -> 4.4906014 | Z7: =Y7/HOURS_PER_DAY -> 2.2453007 | AA7: 2.5 | AB7: =IF(ABS(X7-AA7)<=0.3*AA7,"On pace",IF(X7<AA7,"Too fast","Too slow")) -> On pace
A8: 4 | B8: TBD | C8: 5 | D8: Epic | E8: 6 | F8: 4.2 | G8: =PET_BASE_BONUS*PET_GROWTH^(A8-1)*INDEX(RARITY_FACTOR,MATCH(D8,RARITY_NAMES,0)) -> 47.591348 | H8: =1+C8*G8 -> 238.95674 | I8: =INDEX(REB_MULT,MATCH(E8,REB_R,0)) -> 4 | J8: =BASE_EPC*H8*I8 -> 955.82697 | K8: =Enemies!G9 -> 15625000000 | L8: =K8/(TTK_BOSS_TARGET*SWING_RATE*DPE*F8*CRIT_AVG) -> 29525699 | M8: =L8/(J8*CPS*60) -> 85.806149 | N8: =L7 -> 1907814.4 | O8: =Enemies!B9/(N8*DPE*F8*CRIT_AVG*SWING_RATE) -> 2.3214286 | P8: =IF(O8<=ARRIVAL_TTK_MAX,"OK","Too slow") -> OK | Q8: =INDEX(Enemies!B9:G9,MATCH(FARM_TIER,TIER_NAMES,0))/(((N8+L8)/2)*DPE*F8*CRIT_AVG*SWING_RATE) -> 4.2268786 | R8: =60/(Q8+KILL_OVERHEAD_S)*INDEX(Enemies!B21:G21,MATCH(FARM_TIER,TIER_NAMES,0)) -> 1637017.4 | S8: =EGG_COST_BASE*EGG_COST_GROWTH^(A8-1) -> 390625 | T8: =R8/S8 -> 4.1907646 | U8: =UNLOCK_COST_BASE*UNLOCK_COST_GROWTH^(A8-1) -> 109350000 | V8: =U8/R8 -> 66.798312 | W8: =SUMPRODUCT((REB_R>=E7)*(REB_R<E8)*REB_COST/REB_MULT)/(BASE_EPC*H7*CPS*60) -> 91.724302 | X8: =(MAX(M8,V8)+W8)/60 -> 2.9588408 | Y8: =Y7+X8 -> 7.4494423 | Z8: =Y8/HOURS_PER_DAY -> 3.7247211 | AA8: 3.5 | AB8: =IF(ABS(X8-AA8)<=0.3*AA8,"On pace",IF(X8<AA8,"Too fast","Too slow")) -> On pace
A9: 5 | B9: TBD | C9: 5 | D9: Epic | E9: 9 | F9: 6.7 | G9: =PET_BASE_BONUS*PET_GROWTH^(A9-1)*INDEX(RARITY_FACTOR,MATCH(D9,RARITY_NAMES,0)) -> 172.46621 | H9: =1+C9*G9 -> 863.33104 | I9: =INDEX(REB_MULT,MATCH(E9,REB_R,0)) -> 5.5 | J9: =BASE_EPC*H9*I9 -> 4748.3207 | K9: =Enemies!G10 -> 390625000000 | L9: =K9/(TTK_BOSS_TARGET*SWING_RATE*DPE*F9*CRIT_AVG) -> 4.6271618e+08 | M9: =L9/(J9*CPS*60) -> 270.68996 | N9: =L8 -> 29525699 | O9: =Enemies!B10/(N9*DPE*F9*CRIT_AVG*SWING_RATE) -> 2.3507463 | P9: =IF(O9<=ARRIVAL_TTK_MAX,"OK","Too slow") -> OK | Q9: =INDEX(Enemies!B10:G10,MATCH(FARM_TIER,TIER_NAMES,0))/(((N9+L9)/2)*DPE*F9*CRIT_AVG*SWING_RATE) -> 4.2300806 | R9: =60/(Q9+KILL_OVERHEAD_S)*INDEX(Enemies!B22:G22,MATCH(FARM_TIER,TIER_NAMES,0)) -> 40902566 | S9: =EGG_COST_BASE*EGG_COST_GROWTH^(A9-1) -> 9765625 | T9: =R9/S9 -> 4.1884228 | U9: =UNLOCK_COST_BASE*UNLOCK_COST_GROWTH^(A9-1) -> 4920750000 | V9: =U9/R9 -> 120.30419 | W9: =SUMPRODUCT((REB_R>=E8)*(REB_R<E9)*REB_COST/REB_MULT)/(BASE_EPC*H8*CPS*60) -> 111.18289 | X9: =(MAX(M9,V9)+W9)/60 -> 6.3645474 | Y9: =Y8+X9 -> 13.81399 | Z9: =Y9/HOURS_PER_DAY -> 6.9069949 | AA9: 6 | AB9: =IF(ABS(X9-AA9)<=0.3*AA9,"On pace",IF(X9<AA9,"Too fast","Too slow")) -> On pace
A10: 6 | B10: TBD | C10: 6 | D10: Epic | E10: 12 | F10: 11 | G10: =PET_BASE_BONUS*PET_GROWTH^(A10-1)*INDEX(RARITY_FACTOR,MATCH(D10,RARITY_NAMES,0)) -> 625 | H10: =1+C10*G10 -> 3751 | I10: =INDEX(REB_MULT,MATCH(E10,REB_R,0)) -> 7.7 | J10: =BASE_EPC*H10*I10 -> 28882.7 | K10: =Enemies!G11 -> 9765625000000 | L10: =K10/(TTK_BOSS_TARGET*SWING_RATE*DPE*F10*CRIT_AVG) -> 7.0459055e+09 | M10: =L10/(J10*CPS*60) -> 677.63608 | N10: =L9 -> 4.6271618e+08 | O10: =Enemies!B11/(N10*DPE*F10*CRIT_AVG*SWING_RATE) -> 2.2840909 | P10: =IF(O10<=ARRIVAL_TTK_MAX,"OK","Too slow") -> OK | Q10: =INDEX(Enemies!B11:G11,MATCH(FARM_TIER,TIER_NAMES,0))/(((N10+L10)/2)*DPE*F10*CRIT_AVG*SWING_RATE) -> 4.2226891 | R10: =60/(Q10+KILL_OVERHEAD_S)*INDEX(Enemies!B23:G23,MATCH(FARM_TIER,TIER_NAMES,0)) -> 1.0238849e+09 | S10: =EGG_COST_BASE*EGG_COST_GROWTH^(A10-1) -> 244140625 | T10: =R10/S10 -> 4.1938326 | U10: =UNLOCK_COST_BASE*UNLOCK_COST_GROWTH^(A10-1) -> 221433750000 | V10: =U10/R10 -> 216.2682 | W10: =SUMPRODUCT((REB_R>=E9)*(REB_R<E10)*REB_COST/REB_MULT)/(BASE_EPC*H9*CPS*60) -> 172.03263 | X10: =(MAX(M10,V10)+W10)/60 -> 14.161145 | Y10: =Y9+X10 -> 27.975135 | Z10: =Y10/HOURS_PER_DAY -> 13.987567 | AA10: 12 | AB10: =IF(ABS(X10-AA10)<=0.3*AA10,"On pace",IF(X10<AA10,"Too fast","Too slow")) -> On pace
A11: 7 | B11: TBD | C11: 6 | D11: Legendary | E11: 15 | F11: 17 | G11: =PET_BASE_BONUS*PET_GROWTH^(A11-1)*INDEX(RARITY_FACTOR,MATCH(D11,RARITY_NAMES,0)) -> 4529.8729 | H11: =1+C11*G11 -> 27180.237 | I11: =INDEX(REB_MULT,MATCH(E11,REB_R,0)) -> 9.35 | J11: =BASE_EPC*H11*I11 -> 254135.22 | K11: =Enemies!G12 -> 244140625000000 | L11: =K11/(TTK_BOSS_TARGET*SWING_RATE*DPE*F11*CRIT_AVG) -> 1.1397788e+11 | M11: =L11/(J11*CPS*60) -> 1245.8141 | N11: =L10 -> 7.0459055e+09 | O11: =Enemies!B12/(N11*DPE*F11*CRIT_AVG*SWING_RATE) -> 2.4264706 | P11: =IF(O11<=ARRIVAL_TTK_MAX,"OK","Too slow") -> OK | Q11: =INDEX(Enemies!B12:G12,MATCH(FARM_TIER,TIER_NAMES,0))/(((N11+L11)/2)*DPE*F11*CRIT_AVG*SWING_RATE) -> 4.2380137 | R11: =60/(Q11+KILL_OVERHEAD_S)*INDEX(Enemies!B24:G24,MATCH(FARM_TIER,TIER_NAMES,0)) -> 2.552876e+10 | S11: =EGG_COST_BASE*EGG_COST_GROWTH^(A11-1) -> 6103515625 | T11: =R11/S11 -> 4.1826321 | U11: =UNLOCK_COST_BASE*UNLOCK_COST_GROWTH^(A11-1) -> 9964518750000 | V11: =U11/R11 -> 390.32521 | W11: =SUMPRODUCT((REB_R>=E10)*(REB_R<E11)*REB_COST/REB_MULT)/(BASE_EPC*H10*CPS*60) -> 250.80245 | X11: =(MAX(M11,V11)+W11)/60 -> 24.943608 | Y11: =Y10+X11 -> 52.918743 | Z11: =Y11/HOURS_PER_DAY -> 26.459372 | AA11: 24 | AB11: =IF(ABS(X11-AA11)<=0.3*AA11,"On pace",IF(X11<AA11,"Too fast","Too slow")) -> On pace
A12: 8 | B12: TBD | C12: 7 | D12: Legendary | E12: 18 | F12: 27 | G12: =PET_BASE_BONUS*PET_GROWTH^(A12-1)*INDEX(RARITY_FACTOR,MATCH(D12,RARITY_NAMES,0)) -> 16415.799 | H12: =1+C12*G12 -> 114911.59 | I12: =INDEX(REB_MULT,MATCH(E12,REB_R,0)) -> 11 | J12: =BASE_EPC*H12*I12 -> 1264027.5 | K12: =Enemies!G13 -> 6.1035156e+15 | L12: =K12/(TTK_BOSS_TARGET*SWING_RATE*DPE*F12*CRIT_AVG) -> 1.7940963e+12 | M12: =L12/(J12*CPS*60) -> 3942.6364 | N12: =L11 -> 1.1397788e+11 | O12: =Enemies!B13/(N12*DPE*F12*CRIT_AVG*SWING_RATE) -> 2.3611111 | P12: =IF(O12<=ARRIVAL_TTK_MAX,"OK","Too slow") -> OK | Q12: =INDEX(Enemies!B13:G13,MATCH(FARM_TIER,TIER_NAMES,0))/(((N12+L12)/2)*DPE*F12*CRIT_AVG*SWING_RATE) -> 4.2311947 | R12: =60/(Q12+KILL_OVERHEAD_S)*INDEX(Enemies!B25:G25,MATCH(FARM_TIER,TIER_NAMES,0)) -> 6.3897836e+11 | S12: =EGG_COST_BASE*EGG_COST_GROWTH^(A12-1) -> 152587890625 | T12: =R12/S12 -> 4.1876086 | U12: =UNLOCK_COST_BASE*UNLOCK_COST_GROWTH^(A12-1) -> 448403343750000 | V12: =U12/R12 -> 701.75044 | W12: =SUMPRODUCT((REB_R>=E11)*(REB_R<E12)*REB_COST/REB_MULT)/(BASE_EPC*H11*CPS*60) -> 231.65496 | X12: =(MAX(M12,V12)+W12)/60 -> 69.571522 | Y12: =Y11+X12 -> 122.49027 | Z12: =Y12/HOURS_PER_DAY -> 61.245133 | AA12: 60 | AB12: =IF(ABS(X12-AA12)<=0.3*AA12,"On pace",IF(X12<AA12,"Too fast","Too slow")) -> On pace
A14: Pace check: 'On pace' = island hours within ±30% of target. Island hours = longer of training and unlock farming, plus rebirth grind.
A15: Targets: island 1 is a ~15-minute hook; the grind starts on island 2. Hours are active play; Auto Train and offline income spread them across AFK time.

Sheet Egg Odds
A1: Egg odds with luck and pity
A2: w' = weight × (1 + Luck × sensitivity); P = w' / Σw'. The in-game odds panel must show column F whenever any luck is active.
A4: Total Luck | B4: 0 | C4: Sum of sources: potion +1.0, pass +0.5, server luck +1.0, friends +0.1 each, egg bonus luck.
A5: Opens to test (N) | B5: 100
A6: Pity threshold | B6: 100 | C6: Legendary-or-better guaranteed on this open.
A8: Rarity | B8: Base weight | C8: Luck sensitivity | D8: Adjusted weight | E8: Base odds | F8: Odds with luck | G8: Expected opens to get one | H8: P(at least one in N)
A9: Common | B9: 35.12 | C9: 0 | D9: =B9*(1+$B$4*C9) -> 35.12 | E9: =B9/SUM($B$9:$B$14) -> 0.3512 | F9: =D9/SUM($D$9:$D$14) -> 0.3512 | G9: =1/F9 -> 2.8473804 | H9: =1-(1-F9)^$B$5 -> 1
A10: Uncommon | B10: 30.99 | C10: 0 | D10: =B10*(1+$B$4*C10) -> 30.99 | E10: =B10/SUM($B$9:$B$14) -> 0.3099 | F10: =D10/SUM($D$9:$D$14) -> 0.3099 | G10: =1/F10 -> 3.2268474 | H10: =1-(1-F10)^$B$5 -> 1
A11: Rare | B11: 24.1 | C11: 0.25 | D11: =B11*(1+$B$4*C11) -> 24.1 | E11: =B11/SUM($B$9:$B$14) -> 0.241 | F11: =D11/SUM($D$9:$D$14) -> 0.241 | G11: =1/F11 -> 4.1493776 | H11: =1-(1-F11)^$B$5 -> 1
A12: Epic | B12: 8.37 | C12: 0.5 | D12: =B12*(1+$B$4*C12) -> 8.37 | E12: =B12/SUM($B$9:$B$14) -> 0.0837 | F12: =D12/SUM($D$9:$D$14) -> 0.0837 | G12: =1/F12 -> 11.947431 | H12: =1-(1-F12)^$B$5 -> 0.99984013
A13: Legendary | B13: 1.32 | C13: 1 | D13: =B13*(1+$B$4*C13) -> 1.32 | E13: =B13/SUM($B$9:$B$14) -> 0.0132 | F13: =D13/SUM($D$9:$D$14) -> 0.0132 | G13: =1/F13 -> 75.757576 | H13: =1-(1-F13)^$B$5 -> 0.73520238
A14: Mythical | B14: 0.1 | C14: 1.5 | D14: =B14*(1+$B$4*C14) -> 0.1 | E14: =B14/SUM($B$9:$B$14) -> 0.001 | F14: =D14/SUM($D$9:$D$14) -> 0.001 | G14: =1/F14 -> 1000 | H14: =1-(1-F14)^$B$5 -> 0.095207853
A15: Total | B15: =SUM(B9:B14) -> 100 | E15: =SUM(E9:E14) -> 1 | F15: =SUM(F9:F14) -> 1
A16: Sum check | F16: =IF(ABS(F15-1)<0.0000001,"Sums to 100%","CHECK") -> Sums to 100%
A17: Base weights are the reference game's displayed odds with Common trimmed by 0.01 (they summed to 100.01%).
A19: Legendary-or-better per open | B19: =F13+F14 -> 0.0142
A20: P(pity fires in first cycle) | B20: =(1-B19)^(B6-1) -> 0.24271274 | C20: Chance a player opens (threshold − 1) eggs with no Legendary+, so pity triggers.
A21: Expected opens per Legendary+ with pity | B21: =(1-(1-B19)^B6)/B19 -> 53.572802 | C21: Average opens between Legendary+ pulls when pity resets on any Legendary+.

Sheet Traits
A1: Trait reroll odds
A2: Odds per reroll from weights; expected rerolls and chance within N. Hard pity guarantees the top tier.
A4: Rerolls to test (N) | B4: 50
A5: Hard pity (rerolls) | B5: 1500 | C5: Anime Vanguards uses 1,500 for its 0.1% top trait.
A7: Tier | B7: Weight | C7: Odds per reroll | D7: Expected rerolls | E7: P(within N) | F7: P(this tier or better)
A8: Common | B8: 50 | C8: =B8/SUM($B$8:$B$14) -> 0.5 | D8: =1/C8 -> 2 | E8: =1-(1-C8)^$B$4 -> 1 | F8: =SUM(C8:$C$14) -> 1
A9: Uncommon | B9: 28 | C9: =B9/SUM($B$8:$B$14) -> 0.28 | D9: =1/C9 -> 3.5714286 | E9: =1-(1-C9)^$B$4 -> 0.99999993 | F9: =SUM(C9:$C$14) -> 0.5
A10: Rare | B10: 14 | C10: =B10/SUM($B$8:$B$14) -> 0.14 | D10: =1/C10 -> 7.1428571 | E10: =1-(1-C10)^$B$4 -> 0.99946921 | F10: =SUM(C10:$C$14) -> 0.22
A11: Epic | B11: 6 | C11: =B11/SUM($B$8:$B$14) -> 0.06 | D11: =1/C11 -> 16.666667 | E11: =1-(1-C11)^$B$4 -> 0.95466927 | F11: =SUM(C11:$C$14) -> 0.08
A12: Legendary | B12: 1.8 | C12: =B12/SUM($B$8:$B$14) -> 0.018 | D12: =1/C12 -> 55.555556 | E12: =1-(1-C12)^$B$4 -> 0.59674999 | F12: =SUM(C12:$C$14) -> 0.02
A13: Mythical | B13: 0.19 | C13: =B13/SUM($B$8:$B$14) -> 0.0019 | D13: =1/C13 -> 526.31579 | E13: =1-(1-C13)^$B$4 -> 0.090709237 | F13: =SUM(C13:$C$14) -> 0.002
A14: Secret | B14: 0.01 | C14: =B14/SUM($B$8:$B$14) -> 0.0001 | D14: =1/C14 -> 10000 | E14: =1-(1-C14)^$B$4 -> 0.0049877696 | F14: =SUM(C14:$C$14) -> 0.0001
A15: Total | C15: =SUM(C8:C14) -> 1
A17: P(top tier before hard pity) | B17: =1-(1-C14)^(B5-1) -> 0.1392124 | C17: Share of players who get the top tier by luck rather than pity.

Sheet Levels
A1: Level curve
A2: ExpToNext(L) = floor(LEVEL_EXP_BASE × L^LEVEL_EXP_EXP)
A4: Level | B4: EXP to next | C4: Cumulative EXP
A5: 1 | B5: =INT(LEVEL_EXP_BASE*A5^LEVEL_EXP_EXP) -> 100 | C5: =B5 -> 100
A6: 2 | B6: =INT(LEVEL_EXP_BASE*A6^LEVEL_EXP_EXP) -> 303 | C6: =C5+B6 -> 403
A7: 3 | B7: =INT(LEVEL_EXP_BASE*A7^LEVEL_EXP_EXP) -> 579 | C7: =C6+B7 -> 982
A8: 4 | B8: =INT(LEVEL_EXP_BASE*A8^LEVEL_EXP_EXP) -> 918 | C8: =C7+B8 -> 1900
A9: 5 | B9: =INT(LEVEL_EXP_BASE*A9^LEVEL_EXP_EXP) -> 1313 | C9: =C8+B9 -> 3213
A10: 6 | B10: =INT(LEVEL_EXP_BASE*A10^LEVEL_EXP_EXP) -> 1758 | C10: =C9+B10 -> 4971
A11: 7 | B11: =INT(LEVEL_EXP_BASE*A11^LEVEL_EXP_EXP) -> 2249 | C11: =C10+B11 -> 7220
A12: 8 | B12: =INT(LEVEL_EXP_BASE*A12^LEVEL_EXP_EXP) -> 2785 | C12: =C11+B12 -> 10005
A13: 9 | B13: =INT(LEVEL_EXP_BASE*A13^LEVEL_EXP_EXP) -> 3363 | C13: =C12+B13 -> 13368
A14: 10 | B14: =INT(LEVEL_EXP_BASE*A14^LEVEL_EXP_EXP) -> 3981 | C14: =C13+B14 -> 17349
A15: 11 | B15: =INT(LEVEL_EXP_BASE*A15^LEVEL_EXP_EXP) -> 4636 | C15: =C14+B15 -> 21985
A16: 12 | B16: =INT(LEVEL_EXP_BASE*A16^LEVEL_EXP_EXP) -> 5329 | C16: =C15+B16 -> 27314
A17: 13 | B17: =INT(LEVEL_EXP_BASE*A17^LEVEL_EXP_EXP) -> 6057 | C17: =C16+B17 -> 33371
... A104: 100 | B104: =INT(LEVEL_EXP_BASE*A104^LEVEL_EXP_EXP) -> 158489 | C104: =C103+B104 -> 6175147
